2dehandsdeal,2dehands_deal
aai,aaien
aait,aaien
aan_deven,aan_doen
aan_even,aan_geven
aan_gif,aan_geven
aan_gomen,aan_komen
aan_klijden,aan_kleden
aan_kondingen,aan_kondigen
aan_reiken,aan_rijken
aan_schafen,aan_schaffen
aan_stooten,aan_stoten
aanbieren,aan_bieden
aandacht_sboog,aandacht_boog
aandacht_spunt,aandacht_punt
aangenameer,aangenaam
aankaarten,aan_kaarten
aanleren,aan_leren
aanmodderen,aan_modderen
aannodiging,uitnodiging
aanproberen,aan_proberen
aanschouwen,aan_schouwen
aanschuiven,aan_schuiven
aanstaan,aan_staan
aanstuderen,aan_studeren
aanvatten,aan_vatten
aanzien,aan_zien
aardap_pelsalade,aard_appel_salade
aardappel,aard_appel
abdate,update
academiejaar,academie_jaar
accessoires,accessoire
acciden,accident
acciteren,accepteren
aches,ache
achter_meken,achter_maken
achterlaan,achter_laten
achterlaten,achter_laten
achterlonen,achter_lopen
achterloop,achter_lopen
achterslapen,achter_slapen
achteruit_gacten,achteruit_gaan
achtervolgen,achter_volgen
acker,akker
acro,acro-porté
acroporté,acro-porté
actiefs,actief
actiev,actief
adem_adem_adem_ademen,ademen
ademhalen,adem_halen
ademruimte,adem_ruimte
af_driegen,af_drogen
af_gaf_afgen,af_gieten
af_gelasten,afgelasten
af_gelijgen,afgelegen
af_ketten,af_ketsen
af_klijden,af_kleden
af_kuisten,af_kuisen
af_scheiden,afscheiden
af_steffen,af_stoffen
af_weken,af_wijken
af_westen,afwas
afleveringen,aflevering
afscheidsdrink,afscheid_drink
afscheidsfees,afscheid_feest
afscheidsviering,afscheid_viering
afsleuter,afsluiter
afspreek,af_spreken
afstuderen,af_studeren
afterwork,after work
aftijd,af_tijd
afwacht,af_wachten
afwasmachie,afwas_machine
afwasmachine,afwas_machine
afwasmasjiën,afwas_machine
ajuin,ui
akward,awkward
alarmbel,alarm_bel
albertijn,albert heijn
album_verlies,album_release
alcoholverslaving,alcohol_verslaving
alerter,alert
ality,practicality
aller_belang_rijk,allerbelangrijk
aller_giepil,allergie_pil
aller_lief,allerliefst
allerbest,best
amason,amazon
amateurtoneel_groep,amateur_toneel_groep
ambetanter,ambetant
ambteren,ambeteren
an_pakken,aan_pakken
angstreactie,angst_reactie
anticiteren,anticiperen
antwerp,antwerpen
ap,app
ap_peritieven,aperitief
ap_preceren,appreciëren
ap_precieren,appreciëren
ap_preciëren,appreciëren
aperitieven,aperitief
aperotime,apero_time
apparad,apparaat
appart_emen,appartement
appart_ement,appartement
appartemen,appartement
appartementsblok,appartement_blok
appelboom,appel_boom
appelflap,appel_flap
appeltaart,appel_taart
apperetief,aperitief
appie,appartement
apping,app
appreceren,appreciëren
apps,app
arbeids,arbeid
associaal,asociaal
associologie,sociologie
astrids,astrid
aten,eten
audioboek,audio_boek
auiz,quiz
autoherkeuring,auto_verhuuring
autokeuring,auto_keuring
autorijd,auto_rijden
autorijden,auto_rijden
autorit,auto_rit
autorits,auto_rit
autosleutel,auto_sleutel
autovriendelijk,auto_vriendelijk
aven_aven,avond
avond_dag,avond
avond_gegieten,avond_eten
avonddiner,avond_diner
avondeet,avond_eten
avondeten,avond_eten
avondfeest,avond_feest
avondfile,avond_file
avondless,avond_les
avondloop,avond_loop
avondmaal,avond_maal
avondmens,avond_mens
avondpas,avond_pas
avondpauze,avond_pauze
avondrush,avond_rush
avondservice,avond_service
avondsessie,avond_sessie
avondshift,avond_shift
avondsnack,avond_snack
avondtest,avond_test
avondtijd,avond_tijd
avondvoeding,avond_voeding
avondwandeling,avond_wandeling
bab,bachelor_proef
babbellen,babbelen
babelen,babbelen
babie,baby
babisiten,babysitten
babybroer,baby_broer
babyet,baby
babynich,baby_nicht
babysit,babysitten
babysiten,babysitten
babyspa,baby_spa
babyvoet_bal,baby_voetbal
bachel,bachelor
bachel_orpaper,bachelor_paper
bachel_orproef,bachelor_proef
bachel_orvak,bachelor_vak
bachelproef,bachelor_proef
backet,pakket
badch,batch
badkamer,bad_kamer
bakske,bak
balleke,bal
bananencake,banana_cake
banden_wissel,band_wissel
bands,band
bandwerk,band_werk
bangtheorie,big bang theory
bangtheory,big bang theory
banijn,banaan
bankauto_maat,bank_automaat
bankzak,bank_zaak
bap,bachelor_proef
barbecuen,barbecue
barbi,barbie
barnight,bar_night
barnout,burn-out
barpen,bal_pen
barrières,barrière
bars,barst
barstoel,bar_stoel
basisding,basis_ding
basje,bas
basketbal,basket_bal
basketmatch,basket_match
basta,pasta
batcch,batch
batterijke,batterij
batterijt,batterij
baw_aangifte,bouw_aangifte
bazen,baas
bazin,baas
bbq,barbecue
beachbar,beach_bar
beachvolley,beach_volley
beddengoed,bed_goed
bedje,bed
bedorte,bed
bedtijd,bed_tijd
bedtijden,bed_tijd
beefteven,beven
beeldhoklas,beeldhouw_klas
beeldhouw,beeldhouwen
beeldhouwles,beeldhouw_les
beeldmateriaal,beeld_materiaal
beenhouwer,been_houwer
begrippenlijst,begrip_lijst
begripvoller,begripvol
beïindigen,beëindigen
bejaard_tehuis,bejaarde_huis
belangrijks,belangrijk
belemmerten,belemmeren
belgie,belgië
belgion,belgian
bellet,bel
beroep_aangevoel,beroep_gevoel
besprijken,bespreken
bestel,bestellen
beter_zinden,beter_gezind
betergezind,beter_gezind
beters,beter
beterten,beteren
betreppen,betrappen
beuuuuu,beu
bevrienen,bevriend
bewuster,bewust
bezerden,bezeren
bezighielen,bezig_houden
bib,bibliotheek
bibber,bibberen
bibs,bibliotheek
bibsessie,bibliotheek_sessie
bied,bieden
biefstuk,bief_stuk
biekes,bie
bierpong,bier_pong
biiib,bibliotheek
biiiib,bibliotheek
biiiiiib,bibliotheek
bij_beenden,bij_benen
bij_bijzen,bij_leren
bij_bwengen,bij_brengen
bij_doen,bijeen_doen
bij_lag,bijlage
bij_woonen,bij_wonen
bijbabbelen,bij_babbelen
bijgebabbeld,bij_babbelen
bijhalen,bij_halen
bijhebben,bij_hebben
bijkletsen,bij_kletsen
bijkomen,bij_komen
bijleggen,bij_leggen
bijlesgever,bijles_gever
bijnemen,bij_nemen
bijschrijven,bij_schrijven
bijspringen,bij_springen
bijstellen,bij_stellen
bijsturen,bij_sturen
bijven,blijven
bijwerken,bij_werken
bijwerpen,bijlwerpen
bijzaak,bij_zaak
bijzen,bij hebben
biljart,biljard
bingch,binge
binggo,bingo
binnen_stad,binnenstad
binnen_zwembad,binnen_zwem_bad
binnenhuisarchitect,binnenhuis_architect
binnenkijken,binnen_kijken
binnenspringen,binnen_springen
binnenvallen,binnen_vallen
binnenwandelen,binnen_wandelen
bios,bioscoop
blaad,blad
blad_tijd,blad_zijde
bladen,blad
blader,bladeren
blaf,blaffen
blaven,blamen
bleven,blijven
blijman,blij_maken
blik_emafleider,bliksem_afleider
blikske,blik
bloedcel,bloed_cel
bloedonderzoek,bloed_onderzoek
bloedsom_loop,bloed_omloop
bloem_ekes,bloem
bloem_enwinkel,bloem_winkel
bloempot,bloem_pot
blok_keren,blokkeren
blokkeer,blokkeren
blokperiode,blok_periode
bloot_gieter,lood_gieter
blues,blue
bod_ypower,body_power
boek_cafeetje,boek_café
boek_stagram,bookstagram
boekenkast,boek_kast
boekentin,boek
boekexaam,boek_examen
boekhandel,boek_handel
boekhouder,boek_houder
boekske,boek
boerata,burrata
boilerche,boiler
bomen_werk,boom_werk
bomma,oma
bommenwerk,boom_werk
bompa,opa
bompy,bumpy
bood_schappen_lijs,boodschap_lijst
boodschap_lenlijst,boodschap_lijst
boombezorging_jobke,boom_bezorging_job
boomklimjob,boom_klim_job
boomklimm,boom_klimmen
boomklimmen,boom_klimmen
boomverzorger,boom_verzorger
bootmus_kaat,nootmuskaat
boox,boxen
booz,boos
bop,bob
bord_voeding,borst_voeding
bordspel,bord_spel
borduur,borduren
borst_schoen,borst_voeding
borstkas,borst_kas
boshuis,bos_huis
boswandeling,bos_wandeling
boterhammeke,boterham
bots,botsen
botweef_zaal,bot_weefsel
bout,bouts
bout_sfestival,bouts_festival
boven_buurvrouw,boven_buur_vrouw
bovenhalen,boven_halen
boxles,box_les
boyler,boiler
boys,boy
brandalarm,brand_alarm
brandstof,brand_stof
brandweerwag,brandweer_wagen
break_down,breakdown
breaks,break
breek,breken
brees,brace
breiwer,brei_werk
breiwerk,brei_werk
breven,briefen
briendin,vriendin
brievenbus,brief_bus
brijken,breken
briljan,briljant
brood_jeszak,brood_zak
broun_ny's,brownie
brouw,brouwen
bruegel,breugel
bruik_maken,gebruik_maken
brunchten,brunchen
brussels,brussel
bteken,vast hebben
bud_teten,bingen
buiding,building
buikgevoel,buik_gevoel
buikkram,buik_kramp
buiten_slep,buiten_slapen
buitengaan,buiten_gaan
buitenlucht,buiten_lucht
buk,bukken
bureaugenoot,bureau_genoot
bureaustoel,bureau_stoel
bureautijd,bureau_tijd
bureauwerk,bureau_werk
burnout,burn-out
buschauffeur,bus_chaffeur
busganger,bus_ganger
bushalte,bus_halte
busreis,bus_reis
busrit,bus_rit
busschauffeur,bus_chauffeur
bussypas,bus_pas
busypas,bus_pas
buurtfeest,buurt_feest
ça,ça_va
cadeaus,cadeau
cafee,café
cafeek,café
cafeet,café
cafeetje,café
cafés,café
caket,cake
camionet,camonniette
campingeigenaar,camping_eigenaar
candaag,vandaag
canochtend,vanochtend
carwas,car_was
casine,cafeïne
casis,casus
cat,kat
catchup,catch-up
cats,kat
cava,ça_va
çava,ça_va
cd_speler,cd-speler
cen,cent
centa,santa
centie,essentie
centjes,cent
chal,chillen
challen,chillen
champions,champion
chao,chaos
charcutrie,charcuterie
chauf_fageke,chauffage
chees,cheese
chefs,chef
chemus,remus
chet,chat
cheus_burger,cheeseburger
chic,chique
chil,chill
chilavond,chill avond
childag,chill dag
chille,chill
chilleavond,chill avond
chilledag,chill dag
chiller,chill
chillewarie_dag,chill dag
chine,chill
chipske,chip
chiquer,chique
chocola,chocolade
chocolaas,chocolaatje
chocolaat,chocolade
chocoladekoek,chocolade_koek
chocolademelk,chocolade_melk
chocoladetaart,chocolade_taart
chocolat,chocolade
chocolet,chocolade
chocomelk,chocolade_melk
chocomousse,chocolade_mousse
chollen,chillen
chril,schril
chul,chill
cillen,chillen 
cinemarol,cinnamon_roll
circusle,circus_les
citytrip,city_trip
cleas_onderzoek,klas_onderzoek
clubavond,club_avond
coache,coachen
cocon,cocoon
codeersessie,codeer_sessie
col,call
colake,cola
coleren,kleuren
coll,call
collega_,collega
collegaat,collega
collegas,collega
collegatje,collega
colruyts,colruyt
commix,comics
communiefeest,communie_feest
communifeest,communie_feest
complimen,compliment
computer_pelle,computer_spel
computerarchitectuur,computer_architectuur
computerspel,computer_spel
computerwetenschap,computer_wetenschap
con_necten,connecten
concer,concert
concertticket,concert_ticket
conditatief,kwantitatief
conference,conferentie
conformation,confirmation
connet,connect
cons,con
constreren,concentreren
constressie,conditie
consumptiecheque,consumptie_cheque
contenter,content
continue,continu
contivatie,motivatie
controleer,controleren
controlefreak,controle_freak
cooky,cookie
corflake,cornflakes
cornetle,kornet_les
cornflex,cornflakes
cos,cozy
cosi,cozy
cot,kot
covit,covid
creatiefs,creatief
creditnota,credit_nota
credits,credit
crèmekoek,crème_koek
cremis,kermis
crezen,creëren
crois_sants,croissant
crosscultureel,cross-cultureel
crul,krul
currie,curry
cursus_stuks,cursus_stuk
cut,goed
cutter,kut
cuut,cute
cyclocenta,secret santa
cynis,sinus
cynus,sinus
daat,daad
dag_dag,dag
dag_dagelijk,dagdagelijks
dag_maal,middag_maal
dag_nacht,dag
dagdisco,dag_disco
dagen_,dag
daginvulling,dag_invulling
daglicht,dag_licht
dagske,dag
dagtaak,dag_taak
dagtrip,dag_trip
daguit_stap,dag_uitstap
dakterras,dak_terras
dakwerker,dak_werker
dance4_friend,dance4friends
dankvoor,dankbaar
dans_uh_les,dans_les
dansavond,dans_avond
dansclub,dans_club
dansjaar,dans_jaar
dansle,dans_les
dansles,dans_les
dansoef_avond,dans_oefen_avond
dansoporen,dans_optreden
dansseizoen,dans_seizoen
danssessie,dans_sessie
dansvloer,dans_vloer
darmont_steking,darm_ontsteking
dartsbord,dart_bord
dataanalyse,data_analyse
datapunt,data_punt
dateavond,date_avond
decaton,decathlon
deeja,deejay
deeldag,deel_dag
defqon,defcon
deker,deken
dementenman,man
denkik,denken
dens,dense
depaneren,depanneren
derdejaar,derde_jaar
desect,dissect
desser,dessert
dessociëren,dissociëren
detail_vrag,detail_vraag
deugddoende,deugd_doend
deugdoende,deugd_doend
deuge,deugd
deurbel,deur_bel
deze_namiddag,namiddag
deze_ochtend,ochtend
dezemiddag,middag
dezemorgen,morgen
dezen_acht,nacht
dezen_amiddag,namiddag
dezeochtend,ochtend
dialy_senpatiënt,dialyse_patiënt
dialysse,dialyse
dialyys,dialyseren
dichter,dicht
dieglatatiehoofdpijn,dilitatie_hoofd_pijn
diensthoofd,dienst_hoofd
dienstverband,dienst_verband
diep_gaand,diepgaand
diep_vriet,diep_vries
dieper,diep
diepgaander,diepgaand
dieptepunt,diepte_punt
dierentuin,dier_tuin
diet,dieet
diezelfde,dezelfde
dikken,dik
dinge,ding
dingske,ding
dingskes,ding
dino,dinosaurus
diplomauitreiking,diploma_uitreiking
discoswing,disco_swing
disneyfilm,disney_film
diteren,gediteerd
divak_plaats,bivak_plaats
do_lijst,todo_lijst
docenterhulpurp_roep,docent_hulp_groep
docu,documentaire
doe_doen,dood_doen
doeb,doen
doekdag,werk_dag
doelgroep,doel_groep
doellijs,doel_lijst
doellijst,doel_lijst
doelstelling,doel_stelling
doenkeen,douchen
doenketen,douchen
doenlijs,doel_lijst
dogsiten,dogsitten
dok_saspraak,dokter_afspraak
dok_ters_bezoek,dokter_bezoek
dok_ters_brief,dokter_brief
doken,duiken
dokter_saf_praak,dokter_afspraak
dokter_srong,dokter_ronde
dokteren,dokter
doktersronde,dokter_ronde
dokterstoer,dokter_tour
dommel,dommelen
dood_bloepen,dood_lopen
doodmoe,moe
doodsbang,bang
doofstre,stress
doop_weeken,doop_weekend
door_door_gaan,door_gaan
door_gepingpong,door_pingpongen
door_soezen,door_snoezen
door_stuiren,door_sturen
door_vertelten,door_vertellen
door_werk,door_werken
doorbladeren,door_bladeren
doorhaden,door_hebben
doorhaken,door_hakken
doorhakken,door_hakken
doorhebben,door_hebben
doorheben,door_hebben
doorhen,door_hebben
doorheven,door_hebben
doorhoden,door_hebben
doorkomen,door_komen
doorleren,door_leren
doorperen,door_peren
doorschuiven,door_schuiven
doorspelen,door_spelen
doorspoelen,door_spoelen
doorvoeren,door_voeren
doorwandelen,door_wandelen
doorzakken,door_zakken
doorzeten,door_zetten
doorzien,door_zien
doorzoeken,door_zoeken
doozden,gedoosd
dorpsfeest,dorp_feest
dorten,dorst
dos,to-do
doten,daten
douchebeurt,douche_beurt
doucheke,douche
douchest,douchen 
doven,uit_doven
dow_noden,downloaden
draag,dragen
draaimool,draai_molen
dras,draad
driedaagse,driedaags
driegen,bedriegen
driezen,droom
dringends,dringend
drinkfle,drink_fles
dromenland,droom_land
droomschat,droom
drukker,druk
drumles,drum_les
drumlokaal,drum_lokaal
drumoefening,drum_oefening
dtudentenjob,student_job
duch,dutje
dut,dutje
e_mail,e-mail
echt_genote,echt_genoot
ecoll,école
ééntonig,eentonig
eerst_ejaarweking,eerstejaar_werking
eetavond,eet_avond
eetfestijn,eet_festijn
eetkamer,eet_kamer
eetliefhebber,eet_liefhebber
eetruimte,eet_ruimte
eetst_oornis,eet_stoornis
eettafel,eet_tafel
efficient,efficiënt
eftelingen,efteling
eind_eavond,einde_avond
einde_avond,eind_avond
eindje,eind
einduur,eind_uur
ëisen,eisen
eitje,ei
ekonomica,ekonomika
ekvoetbal,ek_voetbal
elboog,elleboog
electriciteit,elektriciteit
elijf,lijf
emails,e-mail
emo_eten,emo-eten
energie_borst,energie_burst
energie_pijl,energie_peil
energiedip,energie_dip
energielevel,energie_level
energiepeilig,energie_peiling
energiepil,energie_pil
energietijd,energie_tijd
energietyp,energie_dip
entertaan,entertain
entertanen,entertainen
eren,eten
ereschool,school
erfstuk,erf_stuk
erger,erg
ërgeren,ergeren
ergs,erg
eriteren,geïrriteerd
erriteren,irriteren
eruit_zieten,eruit_zien
ervaaren,ervaren
ervarten,ervaren
essentiël,essentieel
ete,eten
etens,eten
etensplan,eten_plan
euren,euro
europese,europees
ex_uhiskraam,ex miskraam
exaam,examen
examen_oort,examen_soort
examen_vragen,examen_vraag
examendata,examen_datum
examenheid,examen
examenlectuur,examen_lectuur
examenleer_tof,examen_leerstof
examenmoment,examen_moment
examenperiode,examen_periode
examenrooster,examen_rooster
examenstress,examen_stress
exament,examen
examentijd,examen_tijd
excuseer,excuseren
exiting,exciting
exity,excited
experion,experience
express,expres
exsiding,exciting
exsite,excited
exsited,excited
exsitement,excitement
exsites,excited
extentie,extinctie
faak,fake
faas,fase
factoranalyse,factor_analyse
fak,fak_bar
falk,fog
fameu,fameus
familie_barbecued,familie_barbecue
familie_feestje,familie_feest
familie_fest,familie_feest
familie_weeken,familie_weekend
fanfares,fanfare
farangst,faal_angst
farmicologie,farmacologie
feed_back,feedback
feed_backs,feedback
feedback_sie,feedback_sessie
feestavond,feest_avond
feestje,feest
feestzaal,feest_zaal
festen,feesten
festivalleke,festival
fich,fish
fida,frieda
fiel,feel
fies,vies
fiet,fiets
fiet_maker,fiets_maker
fiet_senmaker,fiets_maker
fiet_skast,fiets
fiet_sleutel,fiets_sleutel
fiet_smarkt,fiets_markt
fiet_sseizoen,fiets_seizoen
fiet_stocht,fiets_tocht
fiets_enwinkel,fiets_winkel
fietsband,fiets_band
fietscar,fiets_car
fietsenstal,fiets_stal
fietsenstalling,fiets_stalling
fietskaart,fiets_kaart
fietske,fiets
fietsketting,fiets_ketting
fietspad,fiets_pad
fietsrit,fiets_rit
fietsstof,fiets_stof
fietstoch,fiets_tocht
fijnavond,fijn avond
fijnen,fijn
fijnoen,fijn
fiks,fiksen
fiksten,fiksen
fil,file
filipijnen,filipijn
film_film,film
filmavond,film_avond
filmke,film
fingers,finger
fistick,fish_stick
fitfit,fit
fitne,fitness
fitnes,fitness
fitnes_skanaal,fitness_kanaal
fitnes_skler,fitness_kleren
fitnessy,fitness
fitnis,fitness
fitnissen,fitnessen
fituur,frituur
fixen,fiksen
fixxen,fiksen
flauwvallen,flauw_vallen
fliksen,netflixen
floep,floepen
flyers,flyer
focen,focussen
focusen,focussen
focuseten,focused
focusgroep,focus_groep
focusten,focussen
focusts,focussen
fora,forum
forme,form
fotoalbum,foto_album
fotografe_npool,fotograaf_pool
fotomateriaal,foto_materiaal
fotoot,foto
fotoshoot,foto_shoot
fotoweek,foto_week
foutje,fout
foxen,focussen
fragmen,fragment
framé,frame
frie,friet
friek,freak
friens,friends
friet_dal,friet
frieten,friet
frit,friet
front_applicatie,front-applicatie
fruitbomen,fruit_boom
fruits,fruit
fruitsap,fruit_sap
fruitsla,fruit_sla
fruittig,fruitig
frusten,frust
frusteren,frustreren
frusterend,frustrerend
frustratie_,frustratie
frustreerd,gefrustreerd
frustreten,frustreren
fulltim,full-time
functieleer,functie_leer
functioneer,functioneren
gae,gay
galabal,gala_bal
galadiner,gala_diner
gambloux,gembloux
gamee,gamen
games,game
gan,gaan
gast_roscopy,gastroscopie
gauda,gouda
gazastrook,gaza_strook
gbs,gps
gebabbel,babbelen
gebeden,bidden
gebuisen,buizen
gechild,chillen
gedachtegang,gedachte_gang
gedachtengang,gedachte_gang
gedachtje,gedachte
gefrustr,gefrustreerd
gegame,gamen
gegegen,eten
gegeten,eten
gegeven,geven
gehaas,gehaast
gehaktbal,gehakt_bal
gehuilen,huilen
geitenvlees,geit_vlees
gejob,job
gekfeest,gek feest
geld_blaas,galblaas
gelijkaardigs,gelijkaardig
gelijkspel,gelijk_spel
gelijkvloer,gelijk_vloer
gelluncht,lunchen
geluid_sichnicus,geluid_technicus
geluk_momen,geluk_moment
geluk_skes,geluk
gelukske,geluk
gemakske,gemak
gemeentehuis,gemeente_huis
gemoeds,gemoed
gemoedsrust,gemoed_rust
gemoedstoestand,gemoed_toestand
genant,gênant
gene,gêne
genees,genezen
genees_middel_zoek,geneesmiddel_onderzoek
genoten,genieten
gents,gent
geochtend,ochtend
gepingpong,pingpongen
gepingpongt,pingpongen
gepsrek,gesprek
gera,raken 
gerechtsexpert,gerecht_expert
geruch,gerucht
gerust_gemoet,gerust gemoed
geruster,gerust
geruststelling,gerust_stelling
gervendaan_gevoel,tevreden_gevoel
gescheren,scheren
geskaan,skiën
gestres,gestresseerd
gestresseer,gestresseerd
gestrest,gestresseerd
geurkaar,geur_kaars
geurs_tok,geur_stok
geval_studieke,geval_studie
gevoels,gevoel
gevoelstoestand,gevoel_toestand
gevolleybald,volleyballen
gezelgschap,gezelschap
gezelschap_pel,gezelschap_spel
gezelschap_pellet,gezelschap_spel
gezelschap_spelletje,gezelschap_spel
gezichtsmasker,gezicht_masker
gezinneke,gezin
gezinsleven,gezin_leven
gezinssituatie,gezin_situatie
gezinstijd,gezin_tijd
gezonder,gezond
ghuis_geraak,huis raken
giet,gieten
giil,gil
girls,girl
gister,gisteren
gisteravond,gisteren_avond
gistereavond,gisteren_avond
gisterenavond,gisteren_avond
gisterenmiddag,gisteren_middag
gisterenmorgen,gisteren_morgen
gisterennacht,gisteren_nacht
gisterennamiddag,gisteren_namiddag
gisterenochtend,gisteren_ochtend
gisternacht,gisteren_nacht
gisternavond,gisteren_avond
gitaarle,gitaar_les
gitaarspelen,gitaar spelen
gitarspelen,gitaar spelen
godsdienst,god_dienst
godver_geten,godvergeten
goe,goed
goed_dag,goedendag
goed_goed,goed
goed_morgen,goedenmorgen
goed_vullen,goedgevuld
goed_zinden,goed_gezind
goededag,goedendag
goedemorgen,goedenmorgen
goedgezind,goed_gezind
goei,goed
goei_dag,goedendag
goei_dag_morgen,goed dag morgen
goei_morgen,goedenmorgen
goeiedag,goedendag
goeiemiddag,goedenmiddag
goeiemorgen,goedenmorgen
goeiemorgend,goedenmorgen
goeien,goed
goeienavond,goedenavond
goeiendag,goedendag
goesting_kes,goesting
gol_vendag,golf_dak
golflengte,golf_lengte
gouca,gouda
gped,goed
graf_feest,begrafenis
griek,grieks
groei_kant,goed kant
groen_teboer,groente_boer
groent,groente
groep_sdiscussie,groep_discussie
groep_sdynamica,groep_dynamica
groep_sepetitie,groep_repetitie
groep_sgenoot,groep_genoot
groep_sgenoy,groep_genoot
groep_sgesprek,groep_gesprek
groep_sles,groep_les
groep_slid,groep_lid
groep_sopdracht,groep_opdracht
groep_spaper,groep_paper
groep_sprojec,groep_project
groepke,groep
groepsdruk,groep_druk
groepsfoto,groep_foto
groepssessie,groep_sessie
groepsstaak,groep_taak
groepstaak,groep_taak
groepswerk,groep_werk
groepszet,groep_zet
groepwerk,groep_werk
grootmoeder,groot_moeder
grootouder,groot_ouder
groots,groot
grootvader,groot_vader
grote,groot
gsms,gsm
gulle,gul
gut,goed
haak_pul,haak_spul
haardvuur,haard_vuur
haatwisp,wesp
haken_halen,haken_naald
hakoom_haken,haken
halftijd,half_tijd
halloentocht,halloween_tocht
halloweenwandeling,halloween_wandeling
hallowin,halloween
hallowintocht,halloween_tocht
handdoek,hand_doek
hands,hand
handtas,hand_tas
handwerk,hand_werk
hang_zetelmiddag,hang_zetel_middag
hangrey,hangry
hap,hapje
happie,happy
happynes,happiness
hardstuderen,hard studeren
harples,harp_les
hartaanval,hart_aanval
hartpijn,hart_pijn
havenhuis,haven_huis
haver_maak,haver_vlok
havermout,haver_mout
havernout,haver_mout
haze_gedicht,haze gedicht
heart_break,heartbreak
hebgekoken,koken
hechting_tijl,hechting_stijl
heeeeeerlijk,heerlijk
heeerlijk,heerlijk
heen_hebben,heen_gaan
heer_exen,herexamen
hef,heffen
hele_tijd,tijd
heletijd,tijd
hels,hel
hemels,hemel
hemes,hem
henger,honger
herballive,herbalife
herbekeken,herbekijken
herboor,herboren
herenmatch,heren_match
herf_stag,herfst_dag
herf_stlucht,herfst_lucht
herf_stpoets,herfst_poets
herf_svoorbereiding,herfst_voorbereiding
herfstkleur,herfst_kleur
herfstochtend,herfst_ochtend
herfstwandeling,herfst_wandeling
herfstweer,herfst_weer
heringerichten,herinrichten
herken,herkennen
herrennen,rennen
heske,hesje
heuvelland,heuvel_land
hevel,heuvel
hingen,hangen
histeren,gisteren
hobby_uh,hobby
hocke,hockey
hockie,hockey
hockie_club,hockey_club
hockie_speler,hockey_speler
hockie_wedstrijd,hockey_wedstrijd
hockiet_raining,hockey_training
hocky,hockey
hockyclub,hockey_club
hocollege,hoor_college
hoge,hoog
hogeschool,hoog_school
hond_herapie,hond_therapie
hond_wei,hond_weide
honden_wijd,hond_weide
hondentherapeut,hond_therapeut
hondenwei,hond_weide
hondenweide,hond_weide
hong,hong-kong
hongerke,honger
hoocollege,hoor_college
hoofd_kas,hoofd_kaas
hoofd_stafgewen,hoofd_stuk af_werken
hoofdstad,hoofd_stad
hoofdstuk,hoofd_stuk
hoofpijn,hoofd_pijn
hoofstuk,hoofd_stuk
hoogcollege,hoor_college
hoogd_ag,hoog_dag
hoognodig,nodig
hoogst,hoog
hooi_koort,hooi_koorts
hoom,home
hoopvoller,hoopvol
hoorcollege,hoor_college
hoorspel,hoor_spel
hopig,wanhopig
hopvol,hoopvol
horcollege,hoor_college
horocollege,hoor_college
horrorfilm,horror_film
horrorserie,horror_serie
houer,uur
hous_ewoning,housewarming
housevorming,housewarming
hout_worming,housewarming
houtje,outfit
hoven,hof
huis_agende,huis_agenda
huis_genote,huis_genoot
huis_leutel,huis_sleutel
huisbazin,huis_baas
huisbezoek,huis_bezoek
huisdokter,huis_dokter
huishouden,huis_houden
huishoudhulp,huishoud_hulp
huishoudje,huishoud
huisman,huis_man
huisvesting,huis_vesting
huisvorming,housewarming
huisvrouw,huis_vrouw
huisvuil,huis_vuil
huiswarming,housewarming
huizeke,huis
hulpactie,hulp_actie
humeren,gehumeurd
huurauto,huur_auto
huurhuis,huur_huis
hypet,hyper
hypoc_honder,hypochonder
hyyp,hyper
ibup_roof,ibuprofen
icek_cassette,ikea cassette
ideetje,idee
iederen,iedereen
iiriteren,irriteren
ijn,ijs
ijs_eskimatch,ijs_hockey_match
ijs_jeee,ijsje
ijsbad,ijs_bad
ijsberen,ijs_beer
ijsbot,ijs_boot
ijske,ijsje
ijskoffie,ijs_koffie
ik_bitten,zitten
impas,impasse
impul,impuls
in_gelasten,in_lassen
in_heckten,in_checken
in_klijden,in_kleden
in_lochten,in_loggen
in_logen,in_loggen
in_noveren,innoveren
in_pannen,in_plannen
in_wikkelen,ingewikkeld
in_zatten,in_zitten
inbouwkast,inbouw_kast
indelen,in_delen
indrinken,in_drinken
infoavond,info_avond
infogo,info
infomoment,info_moment
informatiesessie,info_sessie
infosessie,info_sessie
ingang_anamen,ingang_examen
ingenie_urs,ingenieur
ingenieurdip_loma,ingenieur_diploma
inhaalactie,inhaal_actie
inhuren,in_huren
initiatiefnemer,initiatief_nemer
initiëal,initieel
inkomen,in_komen
inkomhal,inkom_hal
inkop,inkoop
inkopen,in_kopen
inleveren,in_leveren
inord,orde
inplan,in_plannen
inslaap,slaap
insmeren,in_smeren
inspreek,in_spreken
insta,instagram
instag_ram,instagram
instuderen,in_studeren
insturen,in_sturen
intaak,intake
intensieven,intensief
interactiecollege,interactie_college
interessants,interessant
interessantst,interessant
interesseren,interessen
interesses,interesse
interie_urwinkel,interieur_winkel
interimjob,interim_job
internaat,internet
internetpagina,internet_pagina
interviewtechniek,interview_techniek
intressant,interessant
intypen,in_typen
invalshoek,inval_hoek
invoeren,in_voeren
ipath,ipad
iphon,iphone
irenes,irene
iriteren,irriteren
ïriteren,irriteren
irritants,irritant
ïrriteren,irriteren
ïsiteren,geïrriteerd
issues,issue
ïteren,geïrriteerd
jackto,jaak
jaloer,jaloers
jambeo_efeen,jam_oefenen
jambers,jammer
jammergenoeg,jammer
jarige,jarig
jeansbroek,jeans_broek
jeek_jebben,job
jene_verfeest,jenever_feest
jeugd_rechtbank,jeugd_recht_bank
jeugdhuis,jeugd_huis
jeugdparlement,jeugd_parlement
jobaan_bieding,job_aanbieding
jobbeur,job_beurs
jobden,jobben
jobfair,job_fair
jobinter_view,job_interview
jobje,job
jobke,job
jobkes,job
jobs,job
jollen,chillen
jong_savond,jongen_avond
jonk,jong
jullen,chillen
june,juni
jung,gym
junie_xamen,juni_examen
jutu,youtube
kaarske,kaars
kaassaus,kaas_saus
kaastaart,kaas_taart
kado,cadeau
kadoot,cadeau
kak_dag,kak dag
kakapamper,kaka_pamper
kakvak,kak vak
kameradje,kameraad
kamillethee,kamille_thee
kampvuur,kamp_vuur
kanaal_brood,kaneel_brood
kapot_frust_reren,frustrerend
kapotmaken,kapot_maken
kapotmoe,moe
karnemelk_stamper,karnemelk_stampers
karoke,karaoke
kask,kaske
kastan,kastanje
kastanjepasta,kastanje_pasta
kasus,casus
katerke,kater
katheker,katheter
kathever,katheter
kattenal_gie,kat_allergie
kattenbak,kat_bak
kattenmomen,kat_moment
katwas,kat_was
keelont_steking,keel_ontsteking
keelp,keel_pijn
keelpinn,keel_pijn
kei_hard,hard
keibelang,belangrijk
keidom,dom
keidringend,dringend
keidruk,druk
keienergiek,energiek
keif_link,flink
keifrust_reren,frustrerend
keigezel,gezellig
keigezellig,gezellig
keigoed,goed
keigoedgezind,goed_gezind
keigoedochtend,goed ochtend
keigraag,graag
keigrappig,grappig
keigroot,groot
keijammer,jammer
keilaat,laat
keilang,lang
keilastig,lastig
keilekk,lekker
keilekker,lekker
keileuk,leuk
keileut,leuk
keilief,lief
keilogisch,logisch
keiloos,loos
keimoe,moe
keimoei,moe
keimoeilijk,moeilijk
keimooi,mooi
kein,klein
keinesting_pongpalet,pingpong_palet
keiproductief,productief
keirustig,rustig
keis_lecht,slecht
keisaai,saai
keislecht,slecht
keisnel,snel
keistom,stom
keito_ffitief,positief
keitof,tof
keiv_loot,vlot
keivroeg,vroeg
keiweinig,weinig
kennende,kennend
kennis_makingsgesprek,kennis_making_gesprek
kennisclip,kennis_clip
kennisgemaak,kennis_maken
kennismaken,kennis_maken
keramie_kwinkel,keramiek_winkel
kerk_hoven,kerk_hof
kerkhof,kerk_hof
kers_tavond,kerst_avond
kers_tbal,kerst_bal
kers_tdag,kerst_dag
kers_tfilm,kerst_film
kers_tijd,kerst_tijd
kersen_piet,kers_pit
kersenpit,kers_pit
kersenpitkus,kers_pit
kerst_cade,kerst_cadeau
kerst_cadeaus,kerst_cadeau
kerst_cadeaut,kerst_cadeau
kerst_cadoos,kerst_cadeau
kerst_calo,kerst_cadeau
kerst_kado,kerst_cadeau
kerst_kadot,kerst_cadeau
kerst_klaar,kerst klaar
kerst_lijs,kerst_lijst
kerst_missfeer,kest_mis_sfeer
kerstca,kerst_cadeau
kerstmis,kerst_mis
ketting_zag,ketting_zaag
keuzeexamen,keuze_examen
keuzestress,keuze_stress
keuzevak,keuze_vak
kids,kid
kienen,uit_kienen
kiesweek,kies_week
kijkap_partement,kijk_appartement
kilpijn,keel_pijn
kind_speeltuin,kinder_speel_tuin
kinderboerderij,kinder_boerderij
kindermishandeling,kinder_mishandeling
kinderplons,kinder_zwem_bad
kindertijd,kinder_tijd
kinderuniversiteit,kinder_universiteit
kineafspraak,kine_afspraak
kinee,kine
kineoefefening,kine_oefening
kines,kine
kinesessies,kine_sessie
kinnen,kin
kipfilet,kip_filet
kipk,kip
kipp_wit,kip_wit
kippen,kip
kippenvel,kip_vel
kits,kit
klaar_zet,klaar_zetten
klaargemaakt,klaar_maken
klaargeraak,klaar_raken
klaarlegen,klaar_leggen
klaarligen,klaar_liggen
klaarma,klaar_maken
klaarmaken,klaar_maken
klaarmakrn,klaar_maken
klaarraken,klaar_raken
klaars_taan,klaar_staan
klaars_tinden,klaar_staan
klaarspelen,klaar_spelen
klaarstaan,klaar_staan
klaarzeten,klaar_zetten
klachten_mail,klacht_mail
klammen,klimmen
klapblok,klap_blok
klasdag,klas_dag
klaske,klas
klaslokaal,klas_lokaal
klaspop,klas_pop
klassenraad,klas_raad
klassieker,klassiek
kledingstuk,kleding_stuk
kleedje,kleed
kleinen,kleine
kleinkind,klein_kind
kleintje,klein
klet_scaus,kletskous
kletsnat,nat
kleuter_klass,kleuter_klas
kleuter_tur,kleuter_turnen
klier_koort,klier_koorts
klimclub,klim_club
kliminitiatie,klim_initiatie
klimwerk,klim_werk
klimzaal,klim_zaal
klotedag,kloot_dag
kneus,kneuzen
kniepijn,knie_pijn
knoopschat,knoop_gat
knuffeltijd,knuffel_tijd
koek_jeswinkel,koek_winkel
koekske,koek
koekskes,koek
koffie_berg,café
koffiek,koffie
koffiemachine,koffie_machine
koffieshop_boek_handel,koffie_shop boek_handel
koffiet,koffie
koffietent,koffie_tent
kokosmelk,kokos_melk
koks,kok
koment,komen
komm,kom
kondigen,aan_kondingen
kontent,content
kontrole,controle
kookle,kook_les
koor_kocen,kiezen
koorrepetie,koor_repetitie
koorst_blaas,koorts_blaas
koort,koorts
koort_sblaas,koorts_blaas
koortslip,koorts_lip
koot,kot
kop_peldag,koppel_Dag
kop_peltijd,koppel_tijd
kopieren,kopiëren
kopies,kopie
kopiet,kopie
kopij,kopie
koppijn,kop_pijn
kopping,kop_pijn
kopstoot,kop_stoot
koptelefoon,kop_telefoon
kopzorg,kop_zorg
kort_etermijngeheug,kortetermijn_geheugen
kortfilm,kort_film
kortrijks,kortrijk
korts,koorts
kotavond,kot_avond
kotbaas,kot_baas
kotbazin,kot_bazin
kotdag,kot_dag
koten,kot
koten_tocht,kot_tocht
kotenaamd,kot
kotfeest,kot_feest
kotgenoot,kot_genoot
kotleven,kot_leven
kotsbeu,beu
kotsleutel,kot_sleutel
kotsnoot,kot_genoot
kotvriend,kot_vriend
kouden,verkouden
kraam_verzorgende,kraam_verzorgend
krappen,kruipen
kriepen,kruipen
krikken,krik
krok,krokje
kropen,kruipen
krug_gercros,krugerplein
kruip,kruipen
kruipijn,pijn
kruispunt,kruis_punt
kruisvaat,kruidvat
kruiven,kruipen
kruiwag,krui_wagen
kuddes,kid
kuisvrouw,kuis_vrouw
kuizen,kuisen
kuleuven,KU Leuven
kunnrn,kunnen
kunsten,kunst
kutdag,kut dag
kutgevoel,kut_gevoel
kuts,kut
kutten,kut
kwark_kweken,kweken
kwartierk,kwartier
kwet_nat,kletsnat
kwets,kwetsen
kwetten,kwetsen
kwijt_rekan,kwijt_raken
kwijtspelen,kwijt_spelen
kwis,quiz
laad,laden
laadpaal,laad_paal
laak_tje,laken
laats,laat
labopartner,labo_partner
labosessie,labo_sessie
labotek,labo_tekst
labowerk,labo_werk
lambs,lamb
lang_harig,langharig
lang_sgaan,langs_gaan
lang_skomen,langs_komen
langs_wiesen,langs_zijn
langsgeweest,langs_zijn
langsgewen,langs_zijn
langwrok_college,college
laser_gelen,laser_gel
laser_schiet,laser_schieten
last_minuut,last-minute
lastminutevlucht,last-minute_vlucht
latmeeting,lab_meeting
lawaaier,lawaai
lay,layout
lead_rol,leadrole
lee_glopen,leeg_lpen
lee_gmaken,leeg_maken
lee_halen,leeg_halen
lee_zuigen,leeg_zuigen
leefgroep,leef_groep
leefshop,shop
leefweek,leef_week
leerdag,leer_dag
leerjaar,leer_jaar
leeromgeving,leer_omgeving
leerp_roces,leer_proces
leerplan,leer_plan
leerplatform,leer_platform
leerschool,leer_school
leesboek,lees_boek
leeszaal,lees_zaal
legoset,lego_set
legs,leg
leiding_gevende,leiding_gevend
leidinggevend,leiding_gevend
lekkern,lekker
lemma,lommel
len,lenen
lengen,lunchen
lenteschoon_maak,lente_schoonmaak
leraars,leraar
les_eften,les_geven
les_voorbereid,les_voorbereiden
lesdag,les_dag
lesfunctie,les_functie
lesgen,les_geven
lesgeven,les_geven
lesgever,les_gever
lesk,les
leskijken,les_kijken
lesnotitie,les_notitie
lesopdracht,les_opdracht
lesopname,les_opname
lesopnames,les_opname
lesseb,lessen
lessenrooster,les_rooster
lestijd,les_tijd
lesur,les_uur
lesuur,les_uur
lesvidio,les_video
lesweek,les_week
leuks,leuk
leul,leuk
levens,leven
levensfase,leven_fase
levensgesprek,leven_gesprek
levensverhaal,leven_verhaal
licht_herapie,licht_therapie
licht_hoofd,lichthoofdig
licht_pun,licht_punt
lichtshow,licht_show
liefdesleven,liefde_leven
lieftijd_genoot,leeftijd_genoot
liel,lille
lieve,lief
lieveling_pia,lieveling_pizza
lieveling_wek,lieveling
lievelings,lieveling
lieven,lief
lijgenen,leeg_maken
lijk_spelen,gelijk_spelen
lil,lille
linker_over,linker_oever
lip_stenstift,lip_stift
literatuur_tudie,literatuur_studie
livesessie,live_sessie
livingtafel,living_tafel
lode,load
loem_pialand,loempialand
logeer_ertijt,logeer_partij
logen,loog
lokroop,lok_roep
lond,londen
loodgieter,lood_gieter
loopt_ocht,loop_tocht
lounch,lunchen
lovet,love
luchen,lunchen
luchthaven,lucht_haven
luchtvaart,lucht_vaart
luie,lui
luis_riek,luierik
luk,lukken
lunchke,lunch
lunchpakket,lunch_pakket
lunchpauze,lunch_pauze
lunchten,lunchen
lunchtijd,lunch_tijd
luux,luxe
luxeprobleem,luxe_probleem
maag_krampe,maag_kramp
maagpijn,maag_pijn
maandstond,maandstonden
maartenmans,maarten
maartens,maarten
machthebber,macht_hebber
macover,makeover
maffia,mafia
mageer,mager
mailbox,mail_box
malais,malaise
mamaavond,mama_avond
mamafase,mama_fase
mamak_loek,mama_kloek
mammie,oma
marketing_cagne,marketing_campagne
marning,morning
marokkaans,marokkaan
mart,maarten
marting,party
masproef,master_proef
massa_proef,master_proef
masser,master
masser_proef,master_proef
massert,master
mast_erpotje,master_proef
mast_proefsessie,master_proef_sessie
master_proefvoorstel,master_proef_voorstel
masters_nota,master_nota
matchje,match
matchke,match
matchkes,match
matlap,matlab
maxicosi,maxi-cosi
mazing,amazing
meatime,me-time
medeeigenaar,mede-eigenaar
medelesgever,mede_les_gever
medemuzikant,mede_muzikant
medevrijwilliger,mede_vrijwilliger
medewerker,mede_werker
medicinet,medicine
medics,medic
meditatieoefening,meditatie_oefening
mee_kinnen,mee_kunnen
mee_klijken,mee_kijken
mee_meeg_meeg_mees_meet_meeden,mee_doen
mee_reden,mee_rijden
mee_telnen,mee_tellen
meedrinken,mee_drinken
meelist_mamen,mama
meeluisteren,mee_luisteren
meepikken,mee_pikken
meerkeus,meerkeuze
meesleuren,mee_sleuren
meetekindje,metekind
meetelen,mee_tellen
meetime,me-time
meewandelen,mee_wandelen
meewillen,mee_willen
meezing,meeting
megadruk,druk
megagezellig,gezellig
megagoed,goed
megagoed_koop,goedkoop
megahard,hard
megahoog,hoog
megaklop,klop
megalekker,lekker
megaleuk,leuk
megamoe,moe
megamooi,mooi
megaoverprikkeld,overprikkeld
megarear,raar
megatof,tof
megavroeg,vroeg
meiden,meid
meiske,meisje
memoires,memoire
meningsverschil,mening_verschil
mental,mentaal
menukaart,menu_kaart
mestar_snota,masters_nota
metekindje,metekind
me-tim,me-time
miawen,miauwen
microdoost,microdosen
middag_dut,middag_dutje
middag_getiten,middag_eten
middag_gevuld,middag vullen
middag_maalpauze,middag_maal_pauze
middag_uheten,middag_eten
middagactiviteit,middag_activiteit
middageet,middag_eten
middaggegeten,middag_eten
middaguur,middag_uur
middangeten,middag_eten
miek,mieke
miet,meeting
migrain,migraine
migraineaanval,migraine_aanval
migraineanval,migraine_aanval
mimie,mama
mincet,mindset
mind_maps,mind_map
minde,mind
mine_craft,minecraft
mines,mind
minpun,min_punt
minut,minute
mis_dienen,mis dienen
misbegen,misbegrepen
misgen,mis_gaan
misgen_derten,misgenderden
misgevoel,mis_gevoel
misgun,misgunnen
mislopen,mis_lopen
mislukken,mis_lukken
misrabel,miserabel
miss,missen
misstatistiek,les statistiek
mixxen,mixen
mlrgen,morgen
mochito,mojito
modelbouw,model_bouw
moder,modern
modium,imodium
moed_stoestand,moed_toestand
moeder_chap_verlof,moederschap_verlof
moeder_hard,moeder_hart
moederdaggeschenk,moeder_dag_geschenk
moedermaatschappij,moeder_maatschappij
moedertaal,moeder_taal
moee_ee,moe
moee_eee,moe
moeer,moe
moei,moe
moeid,vermoeid
moeiend,vermoeiend
moeilijks,moeilijk
moelijk,moeilijk
moestuin,moes_tuin
moeve,moe
mogelijks,mogelijk
moj,mooi
momen,moment
momentske,moment
momznteel,momenteel
monddood,mond_dood
monding_momen,bonding_moment
mondstuk,mond_stuk
monopolië,monopolie
monst,monster
moons,moon
moordzaak,moord_zaak
moraalfilo_soof,moraal_filosoof
moraalfilosofie,moraal_filosofie
morge,morgen
morgen_beten,morgen beter
morgen_vroeg_dag,morgen_vroeg
morgenavond,morgen_avond
morgend,morgen
morgenjarig,morgen_jarig
morgenmiddag,morgen_middag
morgennacht,morgen_nacht
morgennamiddag,morgen_namiddag
morgenochtend,morgen_ochtend
morgenvoormiddag,morgen_voormiddag
morgenvroeg,morgen_vroeg
morgrn,morgen
morring,morning
motitie,notitie
motor_rijbewijs,motor_rij_bewijs
motorrijles,motor_rij_les
motorrijschool,motor_rij_school
mountainbiken,mountainbike
mountainbiketour,mountainbike_tour
moy,mooi
mpeilijk,moeilijk
mris,mri
mucoviscidos,mucoviscidose
mug_genbet,mug_beet
mug_gensofarij,mug_safari
muggenbeet,mug_beet
muggendood,mug_dood
multitaske,multitasken
mussage,massage
muziek_lesgeveb,muziek_les_gever
muziekle,muziek_les
muziekske,muziek
na_karten,na_kaarten
na_naaien,naaien
na_neten,na_genieten
naaile,naai_les
naaimachine,naai_machine
nacht_lam,nacht_lamp
nachtdier,nacht_dier
nachtmerrie,nacht_merrie
nachtshift,nacht_shift
nadenk,na_denken
nafietsen,na_fietsen
nagedacht,na_denken
nagenoot,na_genieten
nager_echt,nagerecht
naïs,nice
nastuderen,na_studeren
natuurd_ocumentaire,natuur_documentaire
natuurdomein,natuur_domein
natuurreservaat,natuur_reservaat
natuurtalent,natuur_talent
navelbus,bus
nazien,na_zien
nazinderen,na_zinderen
nedflex,netflix
nedflix,netflix
neefje,neef
neer_knallen,knallen
neer_pliffen,neer_ploffen
neerhalen,neer_halen
neerschrijf,neer_schrijven
neerzeten,neer_zetten
negatieveer,negatief
nekpijn,nek_pijn
nersen,genezen
netelsoep,netel_soep
neuro,neurologie
neuro_studer,neuro studeren
neusje,neus
neutaal,neutraal
neutrouw,neutraal
neven,neef
nief,nieuw
nies,niezen
niesbui,nies_bui
niet_student,niet-student
nieten,genieten
nietsdoen,niets_doen
nietsen,niksen
nieuw_bericht,nieuws_bericht
nieuw_brief,nieuws_brief
nieuw_jaar,nieuwjaar
nieuwjaars_feest,nieuwjaar_feest
nieuwjaarseten,nieuwjaar_eten
nieuws_jaars_fees,nieuwjaar_feest
nieuwsles,nieuws_les
nighter,nuchter
nightes,night
nijs,nice
nipper,nippertje
niruw,nieuw
nodigen,uit_nodigen
noels,noedel
non_stop,nonstop
nonneke,non
noodzaak,nood_zaak
normaalgezien,normaal gezien
nostallig,nostalgisch
noten,noot
notenler,noten leren
nuavond,nu avond
nummerke,nummer
nummertje,nummer
nuttelozer,nutteloos
nuttigs,nuttig
ocht,ochtend
ochtend_tudiosessie,ochtend studio_sessie
ochtendeet,ochtend_eten
ochtendeten,ochtend_eten
ochtendgraad,ochtend
ochtendkoffie,ochtend_koffie
ochtendloop,ochtend_loop
ochtendmens,ochtend_mens
ochtendrush,ochtend_rush
ochtends,ochtend
ochtendshift,ochtend_shift
ochtendsvroeg,ochtend_vroeg
ochtendwandeling,ochtend_wandeling
ochtennen,ochtend
oéd,oefenen
oef_avond,oefen_avond
oefen,oefenen
oefening_kes,oefening
oefening_zitting,oefen_zitting
oefeningzitting,oefen_zitting
oefensessie,oefen_session
oefenzetting,oefen_zitting
oefenzitting,oefen_zitting
oefing,oefening
oer,oever
offert,offerte
ogen,oog
ogenblik,oog_blik
ok,oké
okay,oké
okét,oké
okey,oké
oktoberfeest,oktoberfest
oliën,olie
olijfolie,olijf_olie
olijm,olijf
ologe,horloge
om_morgen,morgen
omder,oma
omdraaien,om_draaien
omdraaiten,om_draaien
omi,oma
omkeren,om_keren
omkijken,om_kijken
omklijden,om_kleden
omschrijven,om_schrijven
omstaan,op_staan
on_belichten,onbelicht
on_nuttig,onnuttig
on_officieel,onofficieel
on_plannen,ongepland
on_stellen,ongesteld
on_zekerheid,onzekerheid
onbespreken,onbesproken
onder_onder_onder_onder_onder_onder_onder_onder_on,onder_gaan
onderbouwen,onder_bouwen
onderbuur,onder_buur
onderbuurvrouw,onder_buur_vrouw
onderdompelen,onder_dompelen
onderdruk,onderdrukken
ondergaan,onder_gaan
ondergedoken,onder_duiken
onderkoelen,onder_koelen
onderliggen,onder_liggen
onderzoek_vrag,onderzoek_vraag
onderzoekscentrum,onderzoek_centrum
onderzoeksgroep,onderzoek_groep
onderzoeksreportage,onderzoek_reportage
onderzoeksvoorstel,onderzoek_voorstel
onderzoeksvraag,onderzoek_vraag
onecy,onesie
onlin,online
onlinea,online
ononderzoek,onderzoek
onpoint,on-point
onpooid,ontplooien
onsstabiel,onstabiel
ontbeet,ontbijten
ontbeten,ontbijten
ontbijt_momen,ontbijt_moment
ontbijtbuffet,ontbijt_buffet
ontbijts,ontbijt
ontbijttafel,ontbijt_tafel
ontbraken,ontbreken
onthaalmoeder,onthaal_moeder
ontslagronde,ontslag_ronde
ontspan,ontspannen
ontspannenr,ontspannend
ontspannrn,ontspannen
ontspznnen,ontspannen
ontstoken,ontsteken
onverwachts,onverwacht
onzekerd,onzeker
oob,oog
oog_skes,oog
oogarts,oog_arts
oogoefening,oog_oefening
oogpijn,oog_pijn
oogsten,oogst
oorbel,oor_bel
oordelen,oordeel
oordop,oor_dop
oorontsteking,oor_ontsteking
oort,oortje
op_beurten,op_beuren
op_bokken,op_boksen
op_geruimd,op_ruimen
op_geten,op_eten
op_jachten,op_jagen
op_klarten,op_klaren
op_latten,op_letten
op_lussen,op_lossen
op_pubben,op_pompen
op_slag_ruimte,opslag_ruimte
op_snoven,op_snuiven
op_stepen,op_stappen
op_studeren,studeren
op_togen,opgetogen
op_zellen,op_zwellen
opadalwed_trijd,padel_wedstrijd
opdate,update
openheimer,oppenheimer
opentrekken,open_trekken
opinies,opinie
opkuis,op_kuisen
opn_kantoor,kantoor
opra,opera
opruim,op_ruimen
opruim_momen,opruim_moment
opstage,stage
opstart,op_starten
opstoot,opstootje
opties,optie
optreden,op_treden
optredens,optreden
optredent,op_treden
opzie,optie
opzoek,zoek
opzoeking_werk,opzoek_werk
otakos,o'tacos
oud_leden_avond,oud-lid_avond
oud_leerling_avond,oud-leerling_avond
oud_leiding,oud-leiding
oud_student,oud-student
oude,oud
oudejaar,oudjaar
oudejaar_avond,oudjaar_avond
oudercontact,ouder_contact
ouderdom_doabetete,ouderdom_diabetes
oud-leden,oud-lid
ouds,oud
ovenschaal,oven_schaal
ovenschotel,oven_schotel
over_moeien,oververmoeid
over_pikkelen,overprikkelen
over_prikkelen,overprikkelen
over_slapen,overslapen
overblijven,over_blijven
overdrijf,overdrijven
overeten,over_eten
overfrikkelen,overprikkelen
overhalen,over_halen
overhebben,over_hebben
overhit,overheated
overhoden,over_hebben
overlapen,overslapen
overlaten,over_laten
overlijden,overleden
overlijven,overleven
overlijzen,overlijden
overpikkelen,overprikkelen
overprogramma,programmeren
overschakelen,over_schakelen
overschotel,oven_schotel
overschrijven,over_schrijven
oversten,overste
oversturen,over_sturen
overtrikkelen,overprikkelen
overuren,overuur
overvalen,overvallen
overzichtstentoonstelling,overzicht_tentoonstelling
paad,pad
paard_rijle,paard_rij_les
paardrijd,paard_rijden
paardrijden,paard_rijden
paas_eit,paas_ei
padaal,padellen
padale,padellen
padalen,padellen
paddelen,padellen
padelen,padellen
padella,padellen
paginas,pagina
pail_lela,paella
pak_jesauto_maat,pak_automaat
paks,pak
pakske,pak
pakskes,pak
palestijnn,palestijn
palestijns,palestijn
panie,paniek
panie_kaanval,paniek_aanval
pankoek,pan_koek
pannen,pan
pannen_koek,pan_koek
pannen_koekendag,pan_koek_dag
pannen_koekenslag,pan_koek_slag
pannen_koekske,pan_koek
pannenkoek,pan_koek
panning,pan_koek
papas,papa
paper_vark,paper
paperas,paperassen
paperen,paper
pappie,papa
parachut,parachute
parameren,programmeren
parapapaan_vlucht,parapente_vlucht
parkeergarage,parkeer_garage
parkje,park
pasfoto,pas_foto
passa,pasta
pastaat,pasta
pastas,pasta
pastasaus,pasta_saus
pastavariant,pasta_variant
paswoord,pas_woord
patatje,patat
patattenzak,patat_zak
patiënte,patiënt
patiunt,patiënt
patroon_teken,podcast
pauzene,pauze
pauzeruimte,pauze_ruimte
pauzet,pauze
pcocst,PC
pedal,padellen
pedel,padellen
peerf_eedback,peer_feedback
peinballen,paintballen
peis,peizen
pensel,penseel
peper_roomsaus,peper_room_saus
peple,people
percent,procent
peren,peer
permiteren,permitteren
perongeluk,per ongeluk
persconferentie,pers_conferentie
person,persoon
petcherproef,bachelor_proef
peter_broer,pete_broer
petje,pet
petten,pet
pianostek,piano_stuk
piceren,pikeren
pick_nickenk,picknick
piepfeedbacksessie,biep_feedback_sessie
pieters,pieter
pietersstation,pieters station
pijama,pyjama
pijnoen,pijn
pijnstelling,pijn_stiller
pijnstiller,pijn_stiller
pijnstilling,pijn_stilling
pikeel_pijn,keel_pijn
pill,pil
pilleek,pil
pilleke,pil
pilli,pil
pindakaas,pinda_kaas
pindas,pinda
ping_ballen,pingpong_bal
ping_pong,pingpong
ping_pongbal,pingpong_bal
ping_pongbalk,pingpong_bal
ping_pongpolletje,pingpong_bal
ping_pongsessie,pingpong_sessie
ping_pongtafel,pingpong_tafel
pisolét,pistolet
pist,pissed
pistellet,pistolet
pistoletje,pistolet
pitsten,pissen
pittat,patat
pizzaak,pizza
pizzadeeg,pizza_deeg
pizzat,pizza
plaatske,plaats
plakk_plakken,plakken
plandag,plan_dag
plasmaweek,plasma_week
plat_liggen,plat_leggen
platen_label,plaat_label
plattekes,plat
pleas,please
pleezer,pleaser
plekke,plek
plezanter,plezant
pliffen,ploffen
pluspunt,plus_punt
pocketbal,pockybal
podcafs,podcast
podcas,podcast
poepchique,chique
poesten,poetsen
pofkast,podcast
pokeb_owl,poke_bowl
pol,pollen
politieker,politiek
politieks,politiek
pomen,pompen
pompoensoep,pompoen_soep
ponykamp,pony_kamp
pooien,poetsen
posit,positief
positiefs,positief
positiever,positief
post_voeding,borst_voeding
postit,post-it
postpunt,post_punt
potten_bakken,pottenbakken
pouwen,powernap
power_nup,powernap
power_point,powerpoint
powern,powernap
poze,pose
pozeer,poseren
pozeeren,pauzeren
prachticum,practicum
praktij_kles,praktijk_les
praktijkassistent,praktijk_assistent
presentaat,presentatie
presidiu_molk,presidium_volk
presseren,gepresseerd
pressie,depressie
presten,depressed 
pretje,pret
priem,prime
priem_laag,primer_laag
prijsuitreiking,prijs_uitreiking
prikkelbaard,prikkelbaar
primen,prima
prinnen,printen
printshop,print_shop
prise,prize
probleemke,probleem
productiever,productief
proefexamen,proef_examen
prof,professor
proformeren,performeren
programeer,programmeren
programeren,programmeren
programmeer,programmeren
programmeerle,programmeer_les
progres,progressie
projec,project
projectgroep,project_groep
projectontwikkelaar,project_ontwikkelaar
projectsessie,project_sessie
prometen,promotor
proop,proper
properd,proper
propos,à_propos
protestactie,protest_actie
prunch,brunch
prutten,prutsen
psychofamilie,psychologie_familie
psycholog,psycholoog
psychologe,psycholoog
psycholoke,psycholoog
psychotherapeut,psycho_therapeut
psylogie,psychologie
psyologie,psychologie
puinhoop,puin_hoop
puppie,puppy
puppy_weweld,puppy_geweld
pyjamat,pyjama
quarity,quality
quasitime,quality time
quizs,quizzen
quot,quote
raad_plijgen,raadplegen
rader,rad
rafbraken,geradbraakt
rangement,arrangement
rapper,rap
raps,rap
recep,recept
rechtbank,recht_bank
rechtsta,recht_staan
rechttrekken,recht_trekken
reculeren,recoloren
recuperen,recupereren
reddy,ready
redeneert_test,redeneer_test
redten,redden
reëël,reëel
reeën,remus
reem,remus
reemes,remus
reffage,refugee
reflectiesessie,reflectie_sessie
refugee_walk,refugee walk
regeltechniek,regel_techniek
regen_nijgen,regen
regenboog,regen_boog
regenbui,regen_bui
regenjas,regen_jas
regenkledij,regen_kledij
regens,regen
regenswee_kends,regen_weekend
regenton,regen_ton
regenweer,regen_weer
reisbestemming,reis_bestemming
reispas,reis_pas
reken,rekenen
rekenmachine,reken_machine
relaak,relaxen
relaax,relaxen
relatietherapeut,relatie_therapeut
relax,relaxen
relaxe,relaxed
relaxeren,relaxerend
relaxt,relaxed
relaxter,relaxed
releasshow,release_show
relex,relaxen
relexen,relaxen
remels,remus
remes,remus
remis,remus
remo,remus
remos,remus
rendum,random
reservemateriaal,reserve_materiaal
resparatory,respiratory
respect_vol,respectvol
resta_urant,restaurant
restavond,rest avond
restje,rest
resto,restaurant
reteren,irriteren
reuzelen,treuzelen
rewinnen,rewinden
rib_bet,ribbetjes
riemus,remus
riggen,rijzen
rijbewijs,rij_bewijs
rijk_museum,rijksmuseum
rijken,rijk
rijles,rij_les
rijschool,rij_school
rimus,remus
riteren,geïrriteerd
ritmeis,ritmisch
rivierenhof,rivier_hof
road_trip,roadtrip
rode,rood
roeken,rieken
rokenen,gerookt
rol_lenspel,rol_spel
roller_coaster,rollercoaster
rolls,roll
romie,roomie
rondcrossen,rond_crossen
rondfietsen,rond_fietsen
rondgewandeld,rond_wandelen
rondrijden,rond_rijden
rondsturen,rond_sturen
rondwandelen,rond_wandelen
rotdag,rot dag
rots,rot
rotte,rot
routes,route
rugoefening,rug_oefening
rugpijn,rug_pijn
rugzak,rug_zak
rummicup,rummikub
runden,runnen
runine,ruïne
runnes,runner
runten,runnen
rust_gevend,rustgevend
rustavond,rust_avond
rusthuis,rust_huis
rustigavond,rustig avond
rustmoment,rust_moment
saaf,safe
saaien,saaiend
sagen,zagen
same,samen
samen_geten,samen_eten
samen_zetten,samen_zitten
samenmiddag,samen middag
samenspel,samen_spel
samenspelproject,samen_spel_project
samenval,samen_vallen
samenwerk,samen_werken
samenwoon,samen_wonen
sandwiche,sandwich
sausje,saus
savond,avond
savonds,avond
scanden,scannen
scènes,scène
schaatsbaan,schaat_baan
schakeljaar,schakel_jaar
schedelfragment,schedel_fragment
scheesbeurs,cheeseburger
schemad,schema
schermtijd,scherm_tijd
scherper,scherp
scheten,scheet
schetten,schetsen
scheurd,scheuren
scheurk_werk,jurk werken
schijt,schijten
schilderles,schilder_les
schimmelen,schimmel
schoenwinkel,schoen_winkel
scholen,school
schone,schoon
school_opdacht,school_opdracht
school_verkwarticuus,school_werk
school_weeken,school_week
schoolding,school_ding
schooluit,school_uitje
schooluit_stap,school_uitstap
schoolweek,school_week
schoolwerk,school_werk
schoolwerk_dag,school_werk_dag
schoon_heids_specialist,schoonheid_specialist
schoon_lekes,schoon
schoon_zuster,schoonzuster
schoonmaak,schoon_maken
schoonmiddag,schoon middag
schoonzus,schoon_zus
schrijfactie,schrijf_actie
schrollen,scrollen
schuif_puzel,schuif_puzzel
schuifdeur,schuif_deur
schuifen,schuiven
schuld_gevoelen,schuld_gevoel
schulen,schuilen
schurfen,schurft
scoutsweekend,scouts_weekend
screet,creed
screlen,scrollen
screllen,scrollen
scrillen,scrollen
scrullen,scrollen
searchvergadering,search_vergadering
sebieten,sebiet
seckie_dag,sucky dag
secreta,secret
sek,seks
sekken,sucken
seks_suoloog,seksuoloog
sequen,second
seriek,serie
serietje,serie
serieuzeer,serieus
sessiek,sessie
sessies,sessie
sexedication,sex_education
sexeducation,sex_education
sfeertje,sfeer
shaek,shake
shakes,shake
shampoon,shampoo
shiften,shift
shock,schok
shockeren,choqueren
shoots,shoot
shop_ping_crum,shopping_centrum
showavond,show_avond
sierlijst,sier_lijst
simpels,simpel
singles,single
siponderijk,sip
sit,site
sitten,zitten
sjalen,sjaal
sjil,chill
sjil_sjillen,shoppen
sjillen,chillen
sjoet,shoot
sjoeten,shoot
sjol,chill
sjot,sjotten
sjutten,sjotten
skaan,ski
skie,skiën
skigebied,ski_gebied
skind,skin
skipas,ski_pas
skireis,ski_reis
skivakantie,ski_vakantie
skiver_blijf,ski_verblijf
skiweer,ski_weer
skrollen,scrollen
slaaapwel,slaapwel
slaap_kamerdeur,slaap_kamer_deur
slaap_kes,slaap
slaap_pillet,slaap_pil
slaapgebrek,slaap_gebrek
slaapmedicatie,slaap_medicatie
slaappil,slaap_pil
slaapthee,slaap_thee
slaapzetel,slaap_zetel
slaatje,sla
slad,slaap
slapeb,slapen
slechr,slecht
slecht_zinden,slecht_gezind
slechtgezind,slecht_gezind
slexiejob,flexie_job
slid,slide
slimst,slim
smaak_papill,smaak_papil
smal,small
smart_phone,smartphone
smorgen,morgen
snacht,nacht
snachts,nacht
snackje,snack
snap,snappen
snappe,snappen
sneet,sneetje
sneeuwbuiten,sneeuw
snek,snack
snight,night
snik_snik_snik_snik_snik_snik_snik_snik_snik_snik_,snakken
snik_snil_snilden,snappen
snoees,snoozen
snoegen,snoozen
snoes,snoozen
snoesten,snoozen
snotneus,snot_neus
snotter,snotteren
sochtend,ochtend
sochtends,ochtend
s'ochtends,ochtend
socialis,socializing
socio,social
socio-media,social_media
soepmaker,soep_maker
soes,snoozen
sofamilia,sofa
sokper_soon,sok persoon
sollicatie,sollicitatie
sollicatie_gesprek,sollicitatie_gesprek
sollicitateren,solliciteren
sollicitatie_geschragen,sollicitatie_vraag
sollicite,sollicitatie
sollicitie,sollicitatie
sollicitie_gesprek,sollicitatie_gesprek
sollicitie_interview,sollicitatie_interview
sollicitie_vragen,sollicitatie_vraag
solostukken,solo_stuk
solovlucht,solo_vlucht
solstatie,sollicitatie
somb,somber
somberd,somber
songfestival,song_festival
sout,zout
spag_hettidag,spaghetti_dag
spaghettiavond,spaghetti_avond
spaghettisaus,spaghetti_saus
spaghettislag,spaghetti_slag
spanader,spat_ader
spannends,spannend
spanning_hoofdpijn,spanning_hoofd_pijn
spatchwork,patchwork
speak_bericht,spraak_bericht
speceloos,speculoos
spech,speech
specifieks,specifiek
spectakel,spektakel
speel,spelen
speel_goedwinkel,speelgoed_winkel
speeldag,speel_dag
speelgoed,speel_goed
speelhal,speel_hal
speelstad,speel_stad
speeltijd,speel_tijd
speeltuin,speel_tuin
speitig,spijtig
spek_bal,spikeball
spel_letje_savond,spel_avond
spell_ekesavond,spel_avoind
spell_etjesbeurs,spel_beurs
spelleke,spel
speltje,spel
speurgroep,speur_groep
spiegeltent,spiegel_tent
spiek,spieken
spiermassa,spier_massa
spierpijn,spier_pijn
spijlen,spelen
spik,spraak
spik_bericht,spraak_bericht
spikbalset,spikeball_set
spitsuur,spits_uur
spoedgeval,spoed_geval
sponeren,spenderen
spoorweg,spoor_weg
spoot_spooten,spuiten
sporthal,sport_hal
sportkler,sport_kleren
sportle,sport_les
sportschoen,sport_schoen
sportzak,sport_zak
spraak_berich,spraak_bericht
spreek_bericht,spraak_bericht
sprekkelen,sprokkelen
springuur,spring_uur
sprook,sprookje
spullet,spul
spultje,spul
spuren,speuren
sri,sri lanka
stadhuis,stad_huis
stads_wandeling,stad_wandeling
stadswandeling,stad_wandeling
stagebegeleider,stage_begeleider
stagebezoek,stage_bezoek
stagedag,stage_dag
stagekeuze,stage_keuze
stageschool,stage_school
stagewerk,stage_werk
stagewerkplan,stage_werk_plan
stagiaire,stagiair
stamcel,stam_cel
startnota,start_nota
statiek,statistiek
statistie_koefening,statistiek_oefening
statistie_kopdracht,statistiek_opdracht
statistiekle,statistiek_les
statistiekoefening,statistiek_oefening
steekkaart,steek_kaart
stemband,stem_band
stemdag,stem_dag
stemtest,stem_test
steretje,ster
sterieel,steriel
stesten,testen
steunpilaar,steun_pilaar
stief_pa,stief_papa
stiefpa,stief_papa
stifpa,stief_papa
stikkapot,stik_kapot
stil_zijten,stil_zitten
stilleke,stil
stillekes,stil
stilletjes,stil
stilliggen,stil_liggen
stilt,stilte
stilzen,stil_staan
stilzeten,stil_zetten
stilziten,stil_zitten
stoef,stroef
stof_zuichen,stofzuigen
stof_zuicht,stofzuigen
stofzagen,stofzuigen
stofzugen,stofzuigen
stofzuift,stofzuigen
stofzuig,stofzuigen
stofzuiger,stof_zuiger
stofzuugen,stofzuigen
stomm,stom
stommer,stom
stonken,stinken
stoppie,top
stoppy,top
stopzeten,stop_zetten
stormweer,storm_weer
stouterbal,stuiter_bal
stover,stovers
straf_bak,starbucks
strakteren,trakteren
strandstoel,strand_stoel
stras,straat
streel,strelen
streets,street
strerseren,stresseren
stres_s,stress
stres_smomen,stress_moment
streseren,stresseren
stresseren,gestresseerd
stresserer,gestresseerd
stressfactor,stress_factor
stressgevoel,stress_gevoel
stresske,stress
stresslichtjes,stressen
stressmomen,stress_moment
stressmoment,stress_moment
stressniveau,stress_niveau
stresssen,stressen
stressy,stress
stresten,stressen
streten,stretchen
strezen,gestresseerd
strijsen,gestresseerd
strijven,gestresseerd
stroever,stroef
structeren,structureren
strug_gles,struggle
struizen,gestresseerd
studeer,studeren
studeer_essie,studeer_sessie
studeerdag,studeer_dag
studeermodus,studeer_modus
studeersessie,studeer_sessie
student_jobs,student_job
studente,student
studentenclub,student_club
studentenhuis,student_huis
studentenjob,student_job
studierichting,studie_richting
studiesessie,studie_sessie
studiosessie,studio_sessie
studren,studeren
stukske,stuk
stuur,sturen
succeservaring,succes_ervaring
success,succes
succesverhaal,succes_verhaal
suchten,sucken
suff,suf
suft,suffen
suikerdip,suiker_dip
suis_suren,surfen
suisen,suizen
sukken,sucken
super_benieuwen,benieuwd
super_collectief,productief
super_dringen,dringend
super_drukken,druk
super_frust_reren,frustreren
super_frustreren,frustrerend
super_groot,groot
super_hrdrd,hard
super_jammer,jammer
super_lekker,lekker
super_leuk,leuk
super_markt,supermarkt
super_meisje,meisje
super_motiveren,motiverend
super_riteren,irriterend
super_sérieu,serieus
super_snel,snel
super_stresseren,stresserend
super_vermoeien,vermoeiend
super_vriendelijk,vriendelijk
super_warm,warm
superaangenaam,aangenaam
superactief,actief
superamant,ambetant
superambetant,ambetant
superambisieus,ambitieus
superamitant,ambetant
superavond,avond
superbang,bang
superbelachelijk,belachelijk
superbelangrijk,belangrijk
superbeu,beu
superbij,blij
superbleit,blij
superblij,blij
superboeiend,boeiend
superboos,boos
superchil,chill
supercool,cool
superdag,dag
superdankbaar,dankbaar
superdicht,dicht
superdonk,donker
superdoof,doof
superdruk,druk
superduidelijk,duidelijk
superduur,duur
superenthousiast,enthousiast
supererg,erg
superet,superette
superfijn,fijn
superflink,flink
superfris,fris
supergeluk,gelukkig
supergelukkig,gelukkig
supergevoel,gevoel
supergezellig,gezellig
supergezond,gezond
supergoe,goed
supergoed,goed
supergoedgezind,goed_gezind
supergoedkoop,goedkoop
supergraag,graag
supergrappig,grappig
supergroot,groot
superhandig,handig
superhappe,happy
superhar,hard
superhard,hard
superhart,hard
superhectisch,hectisch
superhoog,hoog
superinteressant,interessant
superirritant,irritant
superknap,knap
superkort,kort
superkortaf,kortaf
superkou,kou
superkoud,koud
superkut,kut
superlaat,laat
superlang,lang
superlast,lastig
superlastig,lastig
superlek,lekker
superlekke,lekker
superlekker,lekker
superleuk,leuk
superleut,leuk
superleutel_dag,leuk dag
superlief,lief
superlijk,leuk
superlui,lui
supermakkelijk,makkelijk
supermisselijk,misselijk
supermoe,moe
supermoei,moe
supermoeiend,vermoeiend
supermoeilijk,moeilijk
supermoes,moe
supermoet,moe
supermooi,mooi
supernice,nice
supernijs,nice
supernuis,nice
superochtend,ochtend
superontspannend,ontspannend
superpijn,pijnlijk
superpositief,positief
superproductief,productief
superreuk,leuk
superrustig,rustig
supersaai,saai
superschattig,schattig
superschuldig,schuldig
supersecht,slecht
supersief,suf
superslecht,slecht
superspannend,spannend
superstom,stom
supersuf,suf
supersuperdruk,druk
supersuperleuk,leuk
supersuperlijk,leuk
supersupermoe,moe
supertevreden,tevreden
supertleur_gelillen,teleur_stellen
supertof,tof
supertraag,traag
supertrots,trots
supervaag,vaag
supervaak,vaak
superverdrietig,verdrietig
supervermoeid,vermoeid
supervermoeiend,vermoeiend
supervettig,vettig
supervie,vies
supervis,supervisor
superviser,supervisor
supervlot,vlot
supervol,vol
supervoldaan,voldaan
supervriendelijk,vriendelijk
supervroeg,vroeg
supervrolijk,vrolijk
superwakee,wakker
superweer,weer
superzat,zat
superzellig,gezellig
superziek,ziek
superzin,zin
superzwaar,zwaar
surklaas_pomp,pomp
surprice,surprise
surven,surfen
sus,sushi
sushizaak,sushi_zaak
susten,sussen
suuuperdruk,druk
suuuperhard,hard
swit,switch
switcher,switch
symptom,symptoom
t_shirt,t-shirt
taak_skes,taak
tabel_let,tabel
tafelen,tafel
tag_ocoloog,tabakoloog
take,take-away
takeout,take-out
takskes,taak
tandaard_bezoek,tand_arts_bezoek
tandvlees,tand_vlees
tapas,tapa
tarentino,tarantino
tartif_lette,tartiflette
tbuis,buis
teambal,team_bal
teambuilding,team_building
teamlenieactiviteit,team_activiteit
teammeeting,team_meeting
teamsmeeting,teams_meeting
teams-meeting,teams_meeting
teamteam,team
tegen_over_stellen,tegenover_stellen
tegenargument,tegen_argument
tegendeel,tegen_deel
tegenhouden,tegen_houden
tegenwandelen,tegen_wandelen
tekenles,teken_les
tekort_bybien,tibo
teleurstelling,teleur_stelling
telewerkdag,telewerk_dag
tempathie,empathie
teneer_slagen,teneergeslagen
tennisbaan,tennis_baan
tennisbal,tennis_bal
tennisdate,tennis_date
tenniservaring,tennis_ervaring
tenoop,tof
tents,tent
teras,terras
terecht_topen,typen
termijn_plan,langetermijn_plan
terraas,terras
terraske,terras
terug_dagen,brug_dag
terug_lassen,terug_lezen
terug_teren,geïrriteerd
terug_tu,terug_gaan
terug_ziensien,terug_zien
teruggeland,terug_landen
terugkeer,terug_keer
terugstuderen,studeren
terugsturen,terug_sturen
teruz_sniezen,snoozen
tesamen,samen
tests,test
tetsen,testen
tetten,tet
teugen,teug
tevercacn,tv
thai,thais
theetje,thee
theorieles,theorie_les
therapiesessie,therapie_sessie
thermis,thermisch
thesisdag,thesis_dag
thesismeeting,thesis_meeting
thesissen,thesis
thesisstress,thesis_stress
thesisvlak,thesis_vlak
thuis_hagen,thuis_haven
thuis_werkdag,thuiswerk_dag
thuisavond,thuis_avond
thuisen,thuis
thuiskantoor,thuis_kantoor
thuiskomst,thuis_komst
thuistijd,thuis_tijd
thuisuit,thuis
thuiswerkdag,thuiswerk_dag
tick,ticket
tienermeisje,tiener_meisje
tienvergadering,team_vergadering
tijd_strik,tijd
tijden,tijd
tijdperk,tijd_perk
tijdsdruk,tijd_druk
tijdsgebrek,tijd_gebrek
tijdskost,tijd_kost
tijdsperk,tijd_perk
tijdsverspilling,tijd_verspilling
tiktak_raas,tiktok
tiktal,tiktok
tikto,tiktok
tiktop,tiktok
tiktox,tiktok
timeden,timen
timeer,timer
tipo,typo
tipsie,tipsy
titak,tiktok
tochten,tocht
todolijst,to-do_lijst
toe_klap,toe_klappen
toe_wemmen,toe_komen
toedoen,toe_doen
toerke,toer
toesten,toetsen
toet,toets
toets_bord,toet_bord
toff,tof
toil_etpapier,toilet_papier
toldonk,tildonk
tolken,tolk
tomatensaus,tomaat_saus
toneelgroep,toneel_groep
toneelstuk,toneel_stuk
toogst_roomfinalitei,doorstroom_finaliteit
top_dacht,top dag
top_pics,topic
topavond,top avond
topgevoel,top_gevoel
topics,topic
toppen,top
toppie,top
toppy,top
topweer,top weer
torf,torfs
touchke,douchen
toukhen,douchen
tramstation,tram_station
transper_oon,trans_persoon
traum_aonderzoek,trauma_onderzoek
treinaansluiting,trein_aansluiting
treinticke,trein_ticket
treinwagon,trein_wagon
trigeren,triggeren
trleur_stellen,teleur_stellen
tropisch,trots
troszen,troosten
trotser,trots
trou,trouw
trouwfeest,trouw_feest
trouwfeestje,trouw_feest
trouwfoto,trouw_foto
trouwkoppel,trouw_koppel
trouwshoot,trouw_shoot
truit,trui
tuigje,tuig
tuinhuis,tuin_huis
tuinmuur,tuin_muur
tuintafel,tuin_tafel
turnhouts,turnhout
turnles,turn_les
tut,dutje
tutch,touch
tutten,dutten
tvetje,tv
tvormistsel,tv
tvtje,tv
twee_daags,tweedaags
tweede_handsauto,tweedehands_auto
tweede_handswinkel,tweedehands_winkel
tweeman_srit,tweemans_rit
tweeper_oonsbed,tweepersoons_bed
tweest_rijd,twee_strijd
twinter,twitter
twissen,wissen
typpen,typen
tzelf,hetzelfde
tzelfde,hetzelfde
uh_trui,trui
uit_danken,uit_denken
uit_dregen,uit_drogen
uit_gebreider,uitgebreid
uit_gerust,uit_rusten
uit_geten,uit_eten
uit_klaren,uitgeklaard
uit_liezen,uit_lezen
uit_ruiten,uit_putten
uit_schelolen,uit_schelden
uit_sporten,sporten
uit_tetes,uit_testen
uit_topen,uit_typen
uit_uiten,uit_eten
uit_zappen,uit_slapen
uit_zegen,uit_zuigen
uitdag,uit_dagen
uiteen_zetten,zetten
uiter,uiterlijk
uitnodig,uitnodigen
uitslaap,uit_slapen
uitslap,uit_slapen
uitstrijk,uit_strijken
uitziek,uit_zieken
unief,universiteit
unif,universiteit
up_loaden,uploaden
up_upen,uploaden
up_upten,updaten
ups,up
uptijd,up_tijd
uurrooster,uur_rooster
uursessie,uur_sessie
uurwisseling,uur_wisseling
vabdaag,vandaag
vacateur,vacature
vaccink,vaccin
vakantiesfeer,vakantie_sfeer
vakbar,fak_bar
valentine,valentijn
valie,valies
valist,valies
valkuil,val_kuil
vamdaag,vandaag
vanacht,vannacht
vanavlnd,vanavond
vandaag_vagen,vandaag
vandaagje,vandaag
vandazg,vandaag
vanochtends,vanochtend
varkens,varken
vast_zaten,vast_zitten
vastgeslapen,vast slapen
vastpakken,vast_pakken
vaststelling,vast_stelling
veagen,vragen
veldwerk,veld_werk
ventjes,vent
verassing,verrassing
verassing_feestje,verrassing_feest
verassingsfeest,verrassing_feest
verbiep,verdiepen
verderzetten,verder_zetten
verdiep,verdieping
verdooven,verdoven
vergadermarathon,vergader_marathon
vergadermoment,vergarder_moment
verhaallijn,verhaal_lijn
verhuis,verhuizen
verjaar_dag,verjaardag
verjaard_agscadeau,verjaardag_cadeau
verjaard_argen,verjaardag
verjaard_cadeau,verjaardag_cadeau
verjaard_vak_vakantie,verjaardag_vakantie
verjaard_vakantie,verjaardag_vakantie
verjaardag_scadeau,verjaardag_cadeau
verjaardag_sdrink,verjaardag_drink
verjaardag_sfees,verjaardag_feest
verjaardag_sfeesr,verkaardag_sfeer
verjaardag_sfeest,verjaardag_feest
verjaardag_staart,verjaardag_taart
verjarten,verjaren
verken,verkennen
verklijden,verkleden
verkochten,verkopen
verkoud,verkouden
verliepen,verlopen
verlofdag,verlof_dag
verlofweek,verlof_week
vermoeidheid_symptomen,vermoeidheid_symptoom
verpessen,verpesten
verprikkelen,overprikkeld
verrassing_ingsfe,verrassing_feest
verrassing_ingsfeest,verrassing_feest
verrassing_rochiet,verrassing
verre,ver
verrokken,vertrekken
verschijn,verschijnen
verschijten,verschieten
verschoolen,school
verschooten,verschieten
verseren,versieren
versier,versieren
versies,versie
verslicht,verslechteren
verspil,verspillen
verstijven,verstijfd
verttekken,vertrekken
vervalen,vervelen
vervangcollega,vervang_collega
verveel,vervelen
vervellen,vervelen
vervremen,vervreemden
verwen,verwennen
verzinden,verzenden
verzinten,verzinnen
verzitting,zitting
vetmassa,vet_massa
vetrekken,vertrekken
vida,frieda
vide,video
videe,vidé
videnspelletje,video_spel
videocall,video_call
videocoll,video_call
videogesprek,video_gesprek
videok,video
videos,video
videospel,video_spel
videot,video
vintag,vintage
vipe,vibe
vis_akaart,visa_kaart
viss,vis
viswinkel,vis_winkel
vitamin,vitamine
vitaminicuur,vitamine_kuur
vitten,fitten
vlamingen,vlaming
vleesjes,vlees
vlieghave,vlieg_haven
vliegticket,vlieg_ticket
vliegveld,vlieg_veld
vlotjes,vlot
vlotter,vlot
voetbal_door,voetbal
voetbalfan,voetbal_fan
voetbalfans,voetbal_fan
voetbalfees,voetbal_feest
voetbalsessie,voetbal_sessie
voetbaltoer_nooi,voetbal_toernooi
voetbaltornooi,voetbal_toernooi
voetbalweer,voetbal_weer
voic,voice
voif,voice
volgaan,vol_gaan
volhangen,hangen
volharen,volharden
volhouden,vol_houden
volhouiden,vol_houden
vollenbak,vollen bak
volleybalen,volleyballen
vollopen,vol_lopen
volmaken,vol_maken
voltrekken,vol_trekken
volzetten,vol_zetten
voor_bericht,bericht
voor_bijgen,voorbij_gaan
voor_bijvliegen,voorbij_vliegen
voor_brengen,brengen
voor_gerecht,voorgerecht
voor_lesten,voor_lezen
voorbeeld_vrag,voorbeeld_vraag
voorcollege,hoor_college
voordrinken,voor_drinken
voorhebben,voor_hebben
voorhen,voor_hebben
voorhouden,voor_houden
voorlicht,voor_lichten
voorliep,voor_lopen
voorlopen,voor_lopen
voornemens,voornemen
voorschijn,verschijnen
voorstaan,voor_staan
voorste,voorst
voorsteken,voor_steken
voorstellen,voor_stellen
voorteek,voorteken
voortstuderen,voort_studeren
voortwerken,voort_werken
vooruit_zicht,vooruitzicht
vooruitgang_boek,vooruitgang_boeken
voorzetten,voor_zetten
voorzitten,voor_zitten
vorden,vorderen
vorig_vorlen,voelen
vormselviering,vormsel_viering
vraag_enlesse,vraag_lijst
vraag_lijs,vraag_lijst
vraagcollege,vraag_college
vraagstuk,vraag_stuk
vraagteken,vraag_teken
vragencollege,vraag_college
vreemds,vreemd
vriende,vriend
vrienden_groep,vriend_groep
vriendenbezoek,vriend_bezoek
vriendengroep,vriend_groep
vriendenkring,vriend_kring
vriendinne,vriendin
vriendinneke,vriendin
vriendint,vriendin
vries,vriezen
vrij_vrijen,vrijen
vrijdag_namiddagding,vrijdag_namiddag_ding
vrijdag_seekend,vrijdag_weekend
vrijdags,vrijdag
vrijten,vrijen
vrijwilliger_werkje,vrijwilliger_werk
vrijwilligersavond,vrijwilliger_avond
vrijwilligersvark,vrijwilliger_werk
vroe,vroeg
vrouwke,vrouw
vrouwsbericht,voice bericht
vrouwtje,vrouw
vuilzak,vuil_zak
vullig,vulling
vuren,vuur
vuurkes,vuur
vuurschaal,vuur_schaal
vuurwerk,vuur_werk
waai,waaien
waak,waken
waarloos,waardeloos
wacht_lijs,wacht_lijst
wachtrij,wacht_rij
wachtzaal,wacht_zaal
wakkerder,wakker
waksen,waxen
wallen,wal
wandelclub,wandel_club
wandeling_heck,wandeling
wandeling_kes,wandeling
wandelingske,wandeling
wandelwag,wandel_wagen
waregems,waregem
waregemse,waregem
warmtepomp,warmte_pomp
washand,was_hand
wasmachien,was_machine
wasmachine,was_machine
wasman,was_man
wasmand,was_mand
wasplooi,was_plooi
wass,was
watcheen_watchen,watchen
waterke,water
watteren,gewatteerd
weblecture,web_lecture
weegschaal,weeg_schaal
week_ddag,week_dag
weekdn,weekend
weekendwerk,weekend_werk
weerken,werken
weerslag,weer_slag
weersomstandigheid,weer_omstandigheid
weertje,weer
weerzien,weer_zien
weet_wel_wat,weet-wel-wat
weg_drijmen,weg_dromen
weg_even,weg_geven
weg_gangen,weg_gaan
weg_geknibbeld,weg_knibbelen
weg_smijt,weg smijten
weg_weg_doen,weg_doen
weg_weg_gaan,weg_gaan
weg_zijn,weg_wezen
weg_zitten,weg zitten
wegenwerk,wegenwerken
wegkuisen,weg_kuisen
wegsmijten,weg_smijten
wegtikken,weg_tikken
wegvallen,weg_vallen
wek,wekken
wektijd,wake_tijd
welverdien,welverdiend
weminaar,webinar
werel,wereld
werelddeel,wereld_deel
wereldoorlog,wereld_oorlog
werk_pot,werk_pants
werk_tak,werk_taak
werkaf_praak,werk_afspraak
werkdag,werk_dag
werkding,werk_ding
werkencollege,werk_college
werker_varing,werk_ervaring
werkevent,werk_event
werkgever,werk_gever
werkjaar,werk_jaar
werkkas,werk_kast
werkleven,werk_leven
werkplan,werk_plan
werkpunt,werk_punt
werksfeer,werk_sfeer
werkstress,werk_stress
werktuig,werk_tuig
werkuur,werk_uur
werkuur_tjzs,werk_uur
werkveld,werk_veld
werkweek,werk_week
werkwek,werk_week
werrken,werken
wespennest,wesp_nest
wetende,wetend
weteren,weten
whatsup,whatsapp
wicky,wiki
wieren,vieren
wiffie,wifi
wijnavond,wijn_avond
wijsbeheer,wijsbegeerte
wijsheid_taid,wijsheid_tand
winteractiviteit,winter_activiteit
winterband,winter_band
winterdip,winter_dip
wintermaand,winter_maand
winteruur,winter_uur
wip,bibliotheek
wiskundeleer_racht,wiskunde_leerkracht
wiskundeoefening,wiskunde_oefening
wiskundetoet,wiskunde_toets
wiskundige,wiskundig
wissie,wifi
wodka,vodka
wont,wc
woon_kamerconcert,woon_kamer_concert
wooncontainer,woon_container
woord_pagina,pagina
woorden_wisseling,woord_wisseling
woordenaantal,woord_aantal
workoud,workout
workoutje,workout
workshops,workshop
worming,warming
worning,morning
worstel,worstelen
worstenbrood,worst_brood
wouden,willen
wprden,worden
wraps,wrap
yogadie,yoga
yogaoefening,yoga_oefening
yogasessie,yoga_sessie
yogasnuiver,yoga_snuiver
yoghur,yoghurt
yout,youtube
youtio,youtube
youtjob,youtube
youtroep,youtube
youzo,youtube
zaai,zaaien
zaak_skes,zaak
zaalvoetballen,zaal_voetballen
zachter,zacht
zaken_reis,zaak_reis
zakske,zak
zamelen,in_zamelen
zamen,samen
zandbak,zand_bak
zeemancantus,zeeman_cantus
zeerste,zeer
zeespelen,zee spelen
zekerd,zeker
zelfport_ret,zelf_portret
zelfstudiet,zelfstudie
zelftest,zelf_test
zes_dejaar,zesde_jaar
zetelavond,zetel_avond
zetelke,zetel
zeverig,zweverig
zevertak,zever_taak
zibben,gezind
ziekenverlof,ziek_verlof
ziekenwagen,ziek_wagen
zieker,ziek
ziekje,ziek
ziekskes,ziek
ziektebrief,ziekte_brief
ziekteleer,ziekte_leer
ziektesympoom,ziekte_symptoom
ziekteverlof,ziekte_verlof
zijstraat,zij_straat
zijten,zijn
zinden,gezind
zinnens,zin
zins,zin
zlecht,slecht
zoektocht,zoek_tocht
zohard,hard
zomeravond,zomer_avond
zomerjobke,zomer_job
zomerkledij,zomer_kledij
zomerkleren,zomer_kleren
zomerperiode,zomer_periode
zomers,zomer
zomeruur,zomer_uur
zon_amiddag,zondag_middag
zond,gezond
zondagochtends,zondag_ochtend
zondags,zondag
zongen,zingen
zonlicht,zon_licht
zonne,zon
zonnebril,zon_bril
zonnepaneel,zon_paneel
zonnestraat,zon_straal
zonsondergang,zon_ondergang
zont,zon
zoontje,zoon
zorgkundige,zorgkundig
zots,zot
zwaar_dag,zwaar dag
zwaardeer,zwaar
zwakker,zwak
zwang,zwanger
zweeds,zweed
zwembad,zwem_bad
zwembader,zwem_bad
zwembadtijd,zwem_bad_tijd
zwembril,zwem_bril
zwembroek,zwem_broek
zwemclub,zwem_club
zwemvijver,zwem_vijver
zwenen,zeuren
stuk_kendag,stuk dag
stressy_gevoel,stress_gevoel
kippen_gat,kip
feeta_ilsvlees,vlees
op_letsen,op_letten
krant_enieuw,krant_nieuws
bijhoor,behoren
masters_nota,master_nota
uitpak,uit_pakken
ochtend_hakes,ochtend_shakes
deugd_pronk,deugd_pronken
vlieg_enroom,vlieg_raam
iremes,irene
irena,irene
reme,remus
omzien,om_zien
daarnamiddag,namiddag
mu,nu
nationnamid_dag,namiddag
verstresst,gestresseerd
uit_keggen,uit_leggen
vrolijks,vrolijk
heselijk,vreselijk
huisdag,huis_dag
gister_avond,gisteravond
pianospeler,piano_speler
bezollen,
ex_onderbuur,ex_onder_buur
sloegen,slagen
afterdiner,after dinner
wegget,weg
vriendenweekend,vriend_weekend
chloor_dag,dag
bewegenen,bewegen
sportzaal,sport_zaal
fitit,fitnessen
werkgeef,werk_gerei
dagelijk_zelfst,dagelijks hetzelfde
fij_malen,fijn_malen
inloon_dien,loon_dienst
gemoedsstudent,gemoed_toestand
ivermorgen,overmorgen
uit_lachten,uit_lachen
af_weten,afweten
door_uh_babbeel,door_babbelen
door_weken,doorweekt
heimreis,heen_reis
werkmodus,werk_modus
mee_wijzen,mee_gaan
aan_konden,aan_kunnen
aftje,aft
bij_babbellen,bij_babbelen
binnen_speeltuin,binnen_speel_tuin
boot_erhamje,boter_ham
brain_stormen,brainstormen
choco,chocolade
cup_cake,cupcake
dansleraar,dans_leraar
dialiseren,dialyseren
toogst_roomfinaliteit,doorstroom_finaliteit
grpep_genoot,groep_genoot
hong,honger
interesaant,interessant
jobbeschrijving,job_beschrijving
koffiet_aartje,koffie_taart
mailtje,mail
masters_nota,master_nota
mede_werker,medewerker
onderzoeks,onderzoek
onderzoeksblad,onderzoek_blad
overdacht,overdenken
pijn_lijk,pijnlijk
psycholoog_prek,psycholoog_gesprek
chefen,shift
staren,storen
terecht_taan,terecht_kunnen
terug_gesport,terug_sporten
terug_wenzen,terug_wensen
thuiswerk_dag,thuis_werk_dag
uit_slappen,uit_slapen
uit_weg,uitweg
verklarinf_midel,verklaring_middel
wel_komen,welgekomen
